,Name,Feature_Importance
9,ma_diff,0.15732782784535387
5,Volume,0.11795221462260545
8,atr21,0.10639842365347381
6,p_change,0.02830547721493933
15,fourier_period_strength,0.014131234402369233
