,Name,Feature_Importance
8,atr21,0.242368644431832
5,Volume,0.1730267476741964
14,Weekday,0.041200269236806066
